<?xml version="1.0" encoding="UTF-8"?>
<beans xmlns="http://www.springframework.org/schema/beans"
	xmlns:xsi="http://www.w3.org/2001/XMLSchema-instance"
	xmlns:aop="http://www.springframework.org/schema/aop"
	xmlns:context="http://www.springframework.org/schema/context"
	xmlns:jdbc="http://www.springframework.org/schema/jdbc"
	xmlns:lang="http://www.springframework.org/schema/lang"
	xmlns:p="http://www.springframework.org/schema/p"
	xmlns:tx="http://www.springframework.org/schema/tx"
	xmlns:util="http://www.springframework.org/schema/util"
	xmlns:jee="http://www.springframework.org/schema/jee"
	xsi:schemaLocation="http://www.springframework.org/schema/jee http://www.springframework.org/schema/jee/spring-jee-4.0.xsd
		http://www.springframework.org/schema/lang http://www.springframework.org/schema/lang/spring-lang-4.0.xsd
		http://www.springframework.org/schema/jdbc http://www.springframework.org/schema/jdbc/spring-jdbc-4.0.xsd
		http://www.springframework.org/schema/aop http://www.springframework.org/schema/aop/spring-aop-4.0.xsd
		http://www.springframework.org/schema/beans http://www.springframework.org/schema/beans/spring-beans-4.0.xsd
		http://www.springframework.org/schema/util http://www.springframework.org/schema/util/spring-util-4.0.xsd
		http://www.springframework.org/schema/tx http://www.springframework.org/schema/tx/spring-tx-4.0.xsd
		http://www.springframework.org/schema/context http://www.springframework.org/schema/context/spring-context-4.0.xsd
		http://cxf.apache.org/jaxws http://cxf.apache.org/schemas/jaxws.xsd">
		
	<jee:jndi-lookup id="dataSource" jndi-name="${database.jndiName}" /> 
	
    <bean id="sessionFactory"
        class="org.springframework.orm.hibernate4.LocalSessionFactoryBean"
        p:dataSource-ref="dataSource"
        p:packagesToScan="br.com.scrumming.domain"
        p:hibernateProperties-ref="hibernateProperties" />

	<bean id="transactionManager"
		class="org.springframework.orm.hibernate4.HibernateTransactionManager" 
		p:sessionFactory-ref="sessionFactory" />

	<tx:annotation-driven transaction-manager="transactionManager" proxy-target-class="true" />
	
	<util:properties id="hibernateProperties">
        <prop key="hibernate.dialect">${hibernate.dialect}</prop>
        <prop key="hibernate.show_sql">${hibernate.show_sql}</prop>
        <prop key="hibernate.format_sql">${hibernate.format_sql}</prop>
         <prop key="hibernate.hbm2ddl.auto">${hibernate.hbm2ddl.auto}</prop>
        <prop key="connection.useUnicode">${hibernate.useUnicode}</prop>
        <prop key="connection.characterEncoding">${hibernate.characterEncoding}</prop>
    </util:properties>
    
</beans>