<?xml version="1.0"?>
<faces-config
    xmlns="http://xmlns.jcp.org/xml/ns/javaee"
    xmlns:xsi="http://www.w3.org/2001/XMLSchema-instance"
    xsi:schemaLocation="http://xmlns.jcp.org/xml/ns/javaee http://xmlns.jcp.org/xml/ns/javaee/web-facesconfig_2_2.xsd"
    version="2.2">
 <application>
  <resource-bundle>
   <base-name>br.com.scrumming.core.infra.util.MensagensBundle</base-name>
   <var>mensagens</var>
  </resource-bundle>
  <locale-config>
   <default-locale>pt_BR</default-locale>
   <supported-locale>pt_BR</supported-locale>
  </locale-config>
 </application>
 
 
</faces-config>
